name,code,disputes,complainant_nations,case_status
Australia,AUS,6,"{'countries': {'India': 3, 'Cambodia': 1, 'China': 1, 'Nepal': 1}}",Object(s) relinquished: 66.67% Object(s) not relinquished: 16.67% Unresolved: 16.67%
Austria,AUT,3,"{'countries': {'Nigeria': 1, 'Cyprus': 1, 'Poland': 1}}",Object(s) not relinquished: 33.33% Object(s) relinquished: 66.67%
Belgium,BEL,4,"{'countries': {'Congo (Kinshasa)': 1, 'Egypt': 1, 'Democratic Republic of the Congo': 1, 'Italy': 1}}",Object(s) relinquished: 100.00%
Bolivia,BOL,1,{'countries': {'Peru': 1}},Object(s) not relinquished: 100.00%
Bulgaria,BGR,1,{'countries': {'United Kingdom': 1}},Object(s) relinquished: 100.00%
Canada,CAN,8,"{'countries': {'Egypt': 3, 'India': 2, 'China': 1, 'Kenya': 1, 'Bolivia': 1}}",Object(s) relinquished: 62.50% Object(s) not relinquished: 25.00% Some objects relinquished: 12.50%
China,CHN,1,{'countries': {'China': 1}},Object(s) relinquished: 100.00%
Denmark,DNK,3,"{'countries': {'Greenland': 2, 'Iceland': 1}}",Object(s) relinquished: 100.00%
Finland,FIN,1,{'countries': {'Namibia': 1}},Object(s) relinquished: 100.00%
France,FRA,23,"{'countries': {'Nigeria': 5, 'China': 3, 'Vietnam': 2, 'Romania': 1, 'Cambodia': 1, 'Egypt': 1, 'South Korea': 1, 'Nepal': 1, 'Iran': 1, 'nan': 1, 'Iraq': 1, 'Turkey': 1, 'France': 1, 'United States': 1, 'Peru': 1, 'Benin': 1}}",Object(s) relinquished: 52.17% Object(s) not relinquished: 39.13% Unresolved: 4.35% Some objects relinquished: 4.35%
Germany,DEU,25,"{'countries': {'Turkey': 5, 'Mexico': 3, 'Egypt': 3, 'Nigeria': 2, 'Cyprus': 2, 'Iraq': 2, 'United States': 1, 'Poland': 1, 'United Kingdom': 1, 'Estonia': 1, 'Romania': 1, 'Zimbabwe': 1, 'Greece': 1, 'Guatemala': 1}}",Object(s) not relinquished: 28.00% Object(s) relinquished: 72.00%
Greece,GRC,1,{'countries': {'Germany': 1}},Object(s) relinquished: 100.00%
Hungary,HUN,1,{'countries': {'Armenia': 1}},Unknown: 100.00%
India,IND,1,{'countries': {'China': 1}},Object(s) relinquished: 100.00%
Iraq,IRQ,1,{'countries': {'United States': 1}},Object(s) not relinquished: 100.00%
Israel,ISR,1,{'countries': {'Germany': 1}},Object(s) not relinquished: 100.00%
Italy,ITA,6,"{'countries': {'Ecuador': 2, 'New Zealand': 1, 'United States': 1, 'Libya': 1, 'Mexico': 1}}",Object(s) relinquished: 83.33% Object(s) not relinquished: 16.67%
Japan,JPN,10,"{'countries': {'South Korea': 8, 'Vietnam': 2}}",Object(s) relinquished: 90.00% Object(s) not relinquished: 10.00%
Jordan,JOR,1,{'countries': {'Iraq': 1}},Object(s) relinquished: 100.00%
Mexico,MEX,1,{'countries': {'France': 1}},Object(s) not relinquished: 100.00%
Namibia,NAM,2,{'countries': {'China': 2}},Object(s) not relinquished: 100.00%
Netherlands,NLD,9,"{'countries': {'Iraq': 1, 'nan': 1, 'China': 1, 'Cyprus': 1, 'Indonesia': 1, 'Russia': 1, 'Sri Lanka': 1, 'Panama': 1, 'Mexico': 1}}",Object(s) relinquished: 55.56% Object(s) not relinquished: 22.22% Some objects relinquished: 11.11% Unresolved: 11.11%
New Zealand,NZL,1,{'countries': {'Nepal': 1}},Object(s) not relinquished: 100.00%
Norway,NOR,1,{'countries': {'China': 1}},Object(s) relinquished: 100.00%
Russia,RUS,4,"{'countries': {'Germany': 2, 'Iran': 1, 'Greece': 1}}",Object(s) not relinquished: 50.00% Unresolved: 25.00% Object(s) relinquished: 25.00%
Saudi Arabia,SAU,2,{'countries': {'Iraq': 2}},Object(s) relinquished: 100.00%
South Africa,ZAF,1,{'countries': {'South Africa': 1}},Object(s) not relinquished: 100.00%
South Korea,KOR,9,{'countries': {'Japan': 9}},Object(s) not relinquished: 88.89% Object(s) relinquished: 11.11%
Spain,ESP,2,"{'countries': {'Egypt': 1, 'Guatemala': 1}}",Object(s) not relinquished: 50.00% Unresolved: 50.00%
Sweden,SWE,2,"{'countries': {'Canada': 1, 'Peru': 1}}",Object(s) relinquished: 100.00%
Switzerland,CHE,8,"{'countries': {'Egypt': 2, 'New Zealand': 2, 'Italy': 2, 'Romania': 1, 'Iraq': 1}}",Object(s) relinquished: 87.50% Unknown: 12.50%
Syria,SYR,1,{'countries': {'Iraq': 1}},Object(s) relinquished: 100.00%
Taiwan,TWN,1,{'countries': {'China': 1}},Object(s) not relinquished: 100.00%
Thailand,THA,11,{'countries': {'Cambodia': 11}},Object(s) relinquished: 81.82% Object(s) not relinquished: 9.09% Some objects relinquished: 9.09%
Tunisia,TUN,1,{'countries': {'Algeria': 1}},Object(s) relinquished: 100.00%
Turkey,TUR,1,{'countries': {'Cyprus': 1}},Object(s) relinquished: 100.00%
United Kingdom,GBR,47,"{'countries': {'Egypt': 9, 'Nigeria': 7, 'China': 4, 'Ethiopia': 2, 'Cyprus': 2, 'nan': 2, 'Iraq': 2, 'Hungary': 2, 'Iran': 2, 'India': 2, 'Kenya': 2, 'Poland': 1, 'Afghanistan': 1, 'Romania': 1, 'Netherlands': 1, 'Italy': 1, 'Indonesia': 1, 'Greece': 1, 'Ghana': 1, 'Chile': 1, 'Australia': 1, 'Turkey': 1}}",Object(s) not relinquished: 40.43% Some objects relinquished: 6.38% Object(s) relinquished: 46.81% Unresolved: 6.38%
United States,USA,262,"{'countries': {'Italy': 66, 'Iraq': 21, 'Cambodia': 18, 'China': 16, 'Greece': 12, 'Egypt': 11, 'Thailand': 11, 'Turkey': 11, 'United States': 9, 'Nigeria': 8, 'India': 6, 'Nepal': 6, 'Mexico': 5, 'France': 5, 'Russia': 5, 'Kenya': 5, 'Germany': 5, 'Afghanistan': 4, 'Poland': 4, 'South Korea': 4, 'Romania': 3, 'Peru': 3, 'Cyprus': 3, 'United States Tribal Nations': 3, 'Iran': 2, 'Guatemala': 2, 'nan': 2, 'Palestine': 1, 'Ecuador': 1, 'Yemen': 1, 'Vietnam': 1, 'Spain': 1, 'Bolivia': 1, 'Mali': 1, 'Australia': 1, 'Syria': 1, 'Bulgaria': 1, 'Cameroon': 1, 'Lebanon': 1}}",Object(s) relinquished: 84.35% Object(s) not relinquished: 12.21% Some objects relinquished: 2.29% Unknown: 0.38% Unresolved: 0.76%
name,code,0,{},[]
Antigua and Barbuda,ATG,0,{},[]
Algeria,DZA,0,{},[]
Azerbaijan,AZE,0,{},[]
Albania,ALB,0,{},[]
Armenia,ARM,0,{},[]
Angola,AGO,0,{},[]
American Samoa,ASM,0,{},[]
Argentina,ARG,0,{},[]
Bahrain,BHR,0,{},[]
Barbados,BRB,0,{},[]
Bermuda,BMU,0,{},[]
Bahamas,BHS,0,{},[]
Bangladesh,BGD,0,{},[]
Belize,BLZ,0,{},[]
Bosnia and Herzegovina,BIH,0,{},[]
Burma,MMR,0,{},[]
Benin,BEN,0,{},[]
Solomon Islands,SLB,0,{},[]
Brazil,BRA,0,{},[]
Brunei Darussalam,BRN,0,{},[]
Cambodia,KHM,0,{},[]
Sri Lanka,LKA,0,{},[]
Congo,COG,0,{},[]
Democratic Republic of the Congo,COD,0,{},[]
Burundi,BDI,0,{},[]
Afghanistan,AFG,0,{},[]
Bhutan,BTN,0,{},[]
Chile,CHL,0,{},[]
Cayman Islands,CYM,0,{},[]
Cameroon,CMR,0,{},[]
Chad,TCD,0,{},[]
Comoros,COM,0,{},[]
Colombia,COL,0,{},[]
Costa Rica,CRI,0,{},[]
Central African Republic,CAF,0,{},[]
Cuba,CUB,0,{},[]
Cape Verde,CPV,0,{},[]
Cook Islands,COK,0,{},[]
Cyprus,CYP,0,{},[]
Djibouti,DJI,0,{},[]
Dominica,DMA,0,{},[]
Dominican Republic,DOM,0,{},[]
Ecuador,ECU,0,{},[]
Egypt,EGY,0,{},[]
Ireland,IRL,0,{},[]
Equatorial Guinea,GNQ,0,{},[]
Estonia,EST,0,{},[]
Eritrea,ERI,0,{},[]
El Salvador,SLV,0,{},[]
Ethiopia,ETH,0,{},[]
Czech Republic,CZE,0,{},[]
French Guiana,GUF,0,{},[]
Fiji,FJI,0,{},[]
Falkland Islands (Malvinas),FLK,0,{},[]
Micronesia, Federated States of,0,{},[]
French Polynesia,PYF,0,{},[]
Gambia,GMB,0,{},[]
Gabon,GAB,0,{},[]
Georgia,GEO,0,{},[]
Ghana,GHA,0,{},[]
Grenada,GRD,0,{},[]
Greenland,GRL,0,{},[]
Guam,GUM,0,{},[]
Guatemala,GTM,0,{},[]
Guinea,GIN,0,{},[]
Guyana,GUY,0,{},[]
Haiti,HTI,0,{},[]
Honduras,HND,0,{},[]
Croatia,HRV,0,{},[]
Iceland,ISL,0,{},[]
Iran (Islamic Republic of),IRN,0,{},[]
Cote d'Ivoire,CIV,0,{},[]
Jamaica,JAM,0,{},[]
Kenya,KEN,0,{},[]
Kyrgyzstan,KGZ,0,{},[]
Korea, Republic of,0,{},[]
Kiribati,KIR,0,{},[]
Kuwait,KWT,0,{},[]
Kazakhstan,KAZ,0,{},[]
Lao People's Democratic Republic,LAO,0,{},[]
Lebanon,LBN,0,{},[]
Latvia,LVA,0,{},[]
Belarus,BLR,0,{},[]
Lithuania,LTU,0,{},[]
Liberia,LBR,0,{},[]
Slovakia,SVK,0,{},[]
Liechtenstein,LIE,0,{},[]
Libyan Arab Jamahiriya,LBY,0,{},[]
Madagascar,MDG,0,{},[]
Martinique,MTQ,0,{},[]
Mongolia,MNG,0,{},[]
Montserrat,MSR,0,{},[]
The former Yugoslav Republic of Macedonia,MKD,0,{},[]
Mali,MLI,0,{},[]
Morocco,MAR,0,{},[]
Mauritius,MUS,0,{},[]
Mauritania,MRT,0,{},[]
Malta,MLT,0,{},[]
Oman,OMN,0,{},[]
Maldives,MDV,0,{},[]
Malaysia,MYS,0,{},[]
Mozambique,MOZ,0,{},[]
Malawi,MWI,0,{},[]
New Caledonia,NCL,0,{},[]
Niue,NIU,0,{},[]
Niger,NER,0,{},[]
Aruba,ABW,0,{},[]
Anguilla,AIA,0,{},[]
Hong Kong,HKG,0,{},[]
Northern Mariana Islands,MNP,0,{},[]
Faroe Islands,FRO,0,{},[]
Andorra,AND,0,{},[]
Gibraltar,GIB,0,{},[]
Isle of Man,IMN,0,{},[]
Luxembourg,LUX,0,{},[]
Macau,MAC,0,{},[]
Monaco,MCO,0,{},[]
Palestine,PSE,0,{},[]
Montenegro,MNE,0,{},[]
Mayotte,MYT,0,{},[]
Ã…land Islands,ALA,0,{},[]
Norfolk Island,NFK,0,{},[]
Cocos (Keeling) Islands,CCK,0,{},[]
Antarctica,ATA,0,{},[]
Bouvet Island,BVT,0,{},[]
French Southern and Antarctic Lands,ATF,0,{},[]
Heard Island and McDonald Islands,HMD,0,{},[]
British Indian Ocean Territory,IOT,0,{},[]
Christmas Island,CXR,0,{},[]
United States Minor Outlying Islands,UMI,0,{},[]
Vanuatu,VUT,0,{},[]
Nigeria,NGA,0,{},[]
Nepal,NPL,0,{},[]
Nauru,NRU,0,{},[]
Suriname,SUR,0,{},[]
Nicaragua,NIC,0,{},[]
Paraguay,PRY,0,{},[]
Peru,PER,0,{},[]
Pakistan,PAK,0,{},[]
Poland,POL,0,{},[]
Panama,PAN,0,{},[]
Portugal,PRT,0,{},[]
Papua New Guinea,PNG,0,{},[]
Guinea-Bissau,GNB,0,{},[]
Qatar,QAT,0,{},[]
Reunion,REU,0,{},[]
Romania,ROU,0,{},[]
Republic of Moldova,MDA,0,{},[]
Philippines,PHL,0,{},[]
Puerto Rico,PRI,0,{},[]
Rwanda,RWA,0,{},[]
Saint Kitts and Nevis,KNA,0,{},[]
Seychelles,SYC,0,{},[]
Lesotho,LSO,0,{},[]
Botswana,BWA,0,{},[]
Senegal,SEN,0,{},[]
Slovenia,SVN,0,{},[]
Sierra Leone,SLE,0,{},[]
Singapore,SGP,0,{},[]
Somalia,SOM,0,{},[]
Saint Lucia,LCA,0,{},[]
Sudan,SDN,0,{},[]
Syrian Arab Republic,SYR,0,{},[]
Trinidad and Tobago,TTO,0,{},[]
Tajikistan,TJK,0,{},[]
Tokelau,TKL,0,{},[]
Tonga,TON,0,{},[]
Togo,TGO,0,{},[]
Sao Tome and Principe,STP,0,{},[]
Tuvalu,TUV,0,{},[]
Turkmenistan,TKM,0,{},[]
United Republic of Tanzania,TZA,0,{},[]
Uganda,UGA,0,{},[]
Ukraine,UKR,0,{},[]
Burkina Faso,BFA,0,{},[]
Uruguay,URY,0,{},[]
Uzbekistan,UZB,0,{},[]
Saint Vincent and the Grenadines,VCT,0,{},[]
Venezuela,VEN,0,{},[]
British Virgin Islands,VGB,0,{},[]
Viet Nam,VNM,0,{},[]
United States Virgin Islands,VIR,0,{},[]
Wallis and Futuna Islands,WLF,0,{},[]
Samoa,WSM,0,{},[]
Swaziland,SWZ,0,{},[]
Yemen,YEM,0,{},[]
Zambia,ZMB,0,{},[]
Zimbabwe,ZWE,0,{},[]
Indonesia,IDN,0,{},[]
Guadeloupe,GLP,0,{},[]
Netherlands Antilles,ANT,0,{},[]
United Arab Emirates,ARE,0,{},[]
Timor-Leste,TLS,0,{},[]
Pitcairn Islands,PCN,0,{},[]
Palau,PLW,0,{},[]
Marshall Islands,MHL,0,{},[]
Saint Pierre and Miquelon,SPM,0,{},[]
Saint Helena,SHN,0,{},[]
San Marino,SMR,0,{},[]
Turks and Caicos Islands,TCA,0,{},[]
Western Sahara,ESH,0,{},[]
Serbia,SRB,0,{},[]
Holy See (Vatican City),VAT,0,{},[]
Svalbard,SJM,0,{},[]
Saint Martin,MAF,0,{},[]
Saint Barthelemy,BLM,0,{},[]
Guernsey,GGY,0,{},[]
Jersey,JEY,0,{},[]
South Georgia South Sandwich Islands,SGS,0,{},[]
